[
    {
        "vegetableid":1,
        "vegetablename":"Tomato",
        "vegetablecost":50,
        "vegetableimg":"./assets/vegetables/v1.jpeg"
      },
      {
        "vegetableid": 2,
        "vegetablename":"Cabbage",
        "vegetablecost":40,
        "vegetableimg":"./assets/vegetables/v2.jpeg"
      },
      {
        "vegetableid":3,
        "vegetablename":"Carrot",
        "vegetablecost":40,
        "vegetableimg":"./assets/vegetables/v3.jpg"
      },
      {
        "vegetableid":4,
        "vegetablename":"Potato",
        "vegetablecost":40,
        "vegetableimg":"./assets/vegetables/v4.jpeg"
      },
      {
        "vegetableid":5,
        "vegetablename":"Spinach Cucumber",
        "vegetablecost":40,
        "vegetableimg":"./assets/vegetables/v5.jpeg"
      },
      {
        "vegetableid":6,
        "vegetablename":"Bottle-guard",
        "vegetablecost":40,
        "vegetableimg":"./assets/vegetables/v6.jpeg"
      },
      {
        "vegetableid":7,
        "vegetablename":"Green Cucumber",
        "vegetablecost":40,
        "vegetableimg":"./assets/vegetables/v7.jpeg"
      },
      {
        "vegetableid":8,
        "vegetablename":"Cucumber",
        "vegetablecost":40,
        "vegetableimg":"./assets/vegetables/v8.jpeg"
      },
      {
        "vegetableid":9,
        "vegetablename":"Cauli-flower",
        "vegetablecost":40,
        "vegetableimg":"./assets/vegetables/v9.jpeg"
      },
      {
        "vegetableid":10,
        "vegetablename":"Beet-root",
        "vegetablecost": 40,
        "vegetableimg":"./assets/vegetables/v10.jpeg"
      },
      {
        "vegetableid":11,
        "vegetablename":"Radish",
        "vegetablecost":40,
        "vegetableimg":"./assets/vegetables/v11.jpeg"
      }
    ]
